{
  "2": {
    "min": 1.93,
    "max": 309.58,
    "avg": 18.77497382198953,
    "count": 191
  },
  "3": {
    "min": 2.07,
    "max": 46.95,
    "avg": 6.655602094240838,
    "count": 191
  },
  "4": {
    "min": 2.77,
    "max": 59.06,
    "avg": 7.122473684210526,
    "count": 190
  },
  "5": {
    "min": 3.36,
    "max": 71.7,
    "avg": 9.057329842931937,
    "count": 191
  },
  "6": {
    "min": 3.81,
    "max": 45.09,
    "avg": 9.431473684210527,
    "count": 190
  },
  "7": {
    "min": 5.18,
    "max": 90.13,
    "avg": 11.949243697478991,
    "count": 119
  },
  "8": {
    "min": 6.24,
    "max": 137.43,
    "avg": 13.863612903225807,
    "count": 155
  },
  "9": {
    "min": 5.13,
    "max": 117.17,
    "avg": 15.128716577540107,
    "count": 187
  },
  "10": {
    "min": 5.19,
    "max": 563.25,
    "avg": 18.179875000000003,
    "count": 160
  },
  "11": {
    "min": 5.63,
    "max": 65.37,
    "avg": 15.573333333333332,
    "count": 132
  },
  "12": {
    "min": 6.93,
    "max": 63.79,
    "avg": 18.770131578947368,
    "count": 76
  },
  "13": {
    "min": 8.11,
    "max": 144.58,
    "avg": 22.955909090909092,
    "count": 44
  },
  "14": {
    "min": 7.97,
    "max": 139.19,
    "avg": 25.484074074074076,
    "count": 27
  },
  "15": {
    "min": 8.76,
    "max": 138.51,
    "avg": 34.496071428571426,
    "count": 28
  },
  "16": {
    "min": 8.89,
    "max": 246.7,
    "avg": 47.090333333333334,
    "count": 30
  },
  "17": {
    "min": 9.06,
    "max": 189.35,
    "avg": 54.193636363636365,
    "count": 11
  },
  "18": {
    "min": 9.87,
    "max": 194.28,
    "avg": 74.445,
    "count": 8
  },
  "19": {
    "min": 9.61,
    "max": 199.87,
    "avg": 83.6075,
    "count": 8
  },
  "20": {
    "min": 12.61,
    "max": 194.52,
    "avg": 52.31571428571429,
    "count": 7
  },
  "21": {
    "min": 43.31,
    "max": 118.03,
    "avg": 73.99333333333334,
    "count": 3
  },
  "22": {
    "min": 57.14,
    "max": 69.37,
    "avg": 62.02333333333333,
    "count": 3
  },
  "23": {
    "min": 9.53,
    "max": 9.53,
    "avg": 9.53,
    "count": 1
  },
  "25": {
    "min": 13.57,
    "max": 13.57,
    "avg": 13.57,
    "count": 1
  },
  "29": {
    "min": 51.67,
    "max": 51.67,
    "avg": 51.67,
    "count": 1
  }
}