{
  "2": {
    "min": 98.95,
    "max": 346.04,
    "avg": 198.35315789473685,
    "count": 38
  },
  "3": {
    "min": 24.2,
    "max": 98.49,
    "avg": 37.07342105263158,
    "count": 38
  },
  "4": {
    "min": 22.6,
    "max": 158.28,
    "avg": 38.10605263157895,
    "count": 38
  },
  "5": {
    "min": 21.87,
    "max": 193.27,
    "avg": 36.70447368421053,
    "count": 38
  },
  "6": {
    "min": 19.63,
    "max": 105.81,
    "avg": 36.053513513513515,
    "count": 37
  },
  "7": {
    "min": 23.61,
    "max": 91.57,
    "avg": 41.652499999999996,
    "count": 4
  },
  "8": {
    "min": 23.63,
    "max": 66.27,
    "avg": 39.37466666666667,
    "count": 15
  },
  "9": {
    "min": 24.5,
    "max": 91.74,
    "avg": 44.23137931034483,
    "count": 29
  },
  "10": {
    "min": 28.72,
    "max": 171.51,
    "avg": 47.00448275862068,
    "count": 29
  },
  "11": {
    "min": 28.05,
    "max": 159.76,
    "avg": 49.78545454545454,
    "count": 22
  },
  "12": {
    "min": 29.18,
    "max": 158.1,
    "avg": 50.88294117647059,
    "count": 17
  },
  "13": {
    "min": 29.81,
    "max": 162.7,
    "avg": 50.964999999999996,
    "count": 16
  },
  "14": {
    "min": 28.5,
    "max": 195.47,
    "avg": 50.60363636363636,
    "count": 11
  },
  "15": {
    "min": 32.61,
    "max": 397.65,
    "avg": 127.96249999999999,
    "count": 8
  },
  "16": {
    "min": 28.9,
    "max": 273.87,
    "avg": 104.27,
    "count": 6
  },
  "17": {
    "min": 30.27,
    "max": 458.85,
    "avg": 129.984,
    "count": 5
  },
  "18": {
    "min": 38.74,
    "max": 330.31,
    "avg": 144.502,
    "count": 5
  },
  "19": {
    "min": 67.57,
    "max": 462.65,
    "avg": 265.11,
    "count": 2
  },
  "20": {
    "min": 101.56,
    "max": 526.59,
    "avg": 314.07500000000005,
    "count": 2
  },
  "21": {
    "min": 369.75,
    "max": 369.75,
    "avg": 369.75,
    "count": 1
  },
  "22": {
    "min": 312.18,
    "max": 312.18,
    "avg": 312.18,
    "count": 1
  },
  "23": {
    "min": 79.81,
    "max": 79.81,
    "avg": 79.81,
    "count": 1
  }
}