{
  "2": {
    "min": 1.98,
    "max": 10.8,
    "avg": 2.606382978723404,
    "count": 47
  },
  "3": {
    "min": 2.05,
    "max": 4.63,
    "avg": 2.494255319148936,
    "count": 47
  },
  "4": {
    "min": 2.77,
    "max": 5.29,
    "avg": 3.2825531914893618,
    "count": 47
  },
  "5": {
    "min": 3.16,
    "max": 18.23,
    "avg": 4.318936170212766,
    "count": 47
  },
  "6": {
    "min": 3.63,
    "max": 14.21,
    "avg": 5.42531914893617,
    "count": 47
  },
  "7": {
    "min": 3.97,
    "max": 14.22,
    "avg": 6.943589743589744,
    "count": 39
  },
  "8": {
    "min": 4.24,
    "max": 50.2,
    "avg": 9.043571428571429,
    "count": 42
  },
  "9": {
    "min": 5.08,
    "max": 27.11,
    "avg": 9.004782608695653,
    "count": 46
  },
  "10": {
    "min": 5.0,
    "max": 16.68,
    "avg": 8.812368421052632,
    "count": 38
  },
  "11": {
    "min": 5.38,
    "max": 666.22,
    "avg": 27.57714285714286,
    "count": 35
  },
  "12": {
    "min": 7.72,
    "max": 46.39,
    "avg": 13.266666666666667,
    "count": 15
  },
  "13": {
    "min": 7.55,
    "max": 108.58,
    "avg": 23.207142857142856,
    "count": 7
  },
  "14": {
    "min": 9.95,
    "max": 10.85,
    "avg": 10.399999999999999,
    "count": 2
  },
  "15": {
    "min": 7.57,
    "max": 118.07,
    "avg": 41.708,
    "count": 5
  },
  "16": {
    "min": 9.67,
    "max": 54.94,
    "avg": 26.756666666666664,
    "count": 3
  },
  "18": {
    "min": 41.73,
    "max": 193.26,
    "avg": 117.49499999999999,
    "count": 2
  },
  "19": {
    "min": 194.05,
    "max": 194.05,
    "avg": 194.05,
    "count": 1
  },
  "20": {
    "min": 197.29,
    "max": 197.29,
    "avg": 197.29,
    "count": 1
  },
  "22": {
    "min": 51.83,
    "max": 51.83,
    "avg": 51.83,
    "count": 1
  }
}