{
  "2": {
    "min": 1.91,
    "max": 26.0,
    "avg": 4.682713567839196,
    "count": 199
  },
  "3": {
    "min": 1.58,
    "max": 14.48,
    "avg": 3.9285353535353535,
    "count": 198
  },
  "4": {
    "min": 2.56,
    "max": 12.63,
    "avg": 4.776818181818182,
    "count": 198
  },
  "5": {
    "min": 3.51,
    "max": 17.64,
    "avg": 5.68570707070707,
    "count": 198
  },
  "6": {
    "min": 3.4,
    "max": 19.31,
    "avg": 7.062777777777778,
    "count": 198
  },
  "7": {
    "min": 3.89,
    "max": 18.45,
    "avg": 8.740985915492958,
    "count": 142
  },
  "8": {
    "min": 4.21,
    "max": 69.05,
    "avg": 10.68887573964497,
    "count": 169
  },
  "9": {
    "min": 5.46,
    "max": 44.26,
    "avg": 11.873538461538462,
    "count": 195
  },
  "10": {
    "min": 4.62,
    "max": 26.62,
    "avg": 11.956117647058823,
    "count": 170
  },
  "11": {
    "min": 6.2,
    "max": 153.02,
    "avg": 13.503064516129033,
    "count": 124
  },
  "12": {
    "min": 6.63,
    "max": 59.81,
    "avg": 16.077397260273973,
    "count": 73
  },
  "13": {
    "min": 8.34,
    "max": 140.21,
    "avg": 22.936829268292684,
    "count": 41
  },
  "14": {
    "min": 9.97,
    "max": 157.81,
    "avg": 36.938095238095244,
    "count": 21
  },
  "15": {
    "min": 10.57,
    "max": 143.73,
    "avg": 34.42333333333333,
    "count": 21
  },
  "16": {
    "min": 10.98,
    "max": 172.58,
    "avg": 39.66045454545454,
    "count": 22
  },
  "17": {
    "min": 13.82,
    "max": 183.1,
    "avg": 63.13545454545454,
    "count": 11
  },
  "18": {
    "min": 10.8,
    "max": 199.39,
    "avg": 74.383,
    "count": 10
  },
  "19": {
    "min": 10.61,
    "max": 190.55,
    "avg": 80.588,
    "count": 10
  },
  "20": {
    "min": 24.78,
    "max": 193.81,
    "avg": 87.79333333333334,
    "count": 3
  },
  "21": {
    "min": 28.72,
    "max": 47.3,
    "avg": 41.41,
    "count": 4
  },
  "22": {
    "min": 54.07,
    "max": 65.09,
    "avg": 58.223333333333336,
    "count": 3
  },
  "29": {
    "min": 52.56,
    "max": 52.56,
    "avg": 52.56,
    "count": 1
  }
}